"id","airport_ref","airport_ident","length_ft","width_ft","surface","lighted","closed","le_ident","le_latitude_deg","le_longitude_deg","le_elevation_ft","le_heading_degT","le_displaced_threshold_ft","he_ident","he_latitude_deg","he_longitude_deg","he_elevation_ft","he_heading_degT","he_displaced_threshold_ft"
id,airport_ref,airport_ident,length_ft,width_ft,surface,lighted,closed,le_ident,le_latitude_deg,le_longitude_deg,le_elevation_ft,le_heading_degT,le_displaced_threshold_ft,he_ident,he_latitude_deg,he_longitude_deg,he_elevation_ft,he_heading_degT,he_displaced_threshold_ft
269408,6523,00A,80,80,ASPH-G,1,0,H1,,,,,,,,,,,
255155,6524,00AK,2500,70,GRVL,0,0,N,,,,,,S,,,,,
254165,6525,00AL,2300,200,TURF,0,0,1,,,,,,19,,,,,
270932,6526,00AR,40,40,GRASS,0,0,H1,,,,,,H1,,,,,
322128,322127,00AS,1450,60,Turf,0,0,1,,,,,,19,,,,,
257681,6527,00AZ,1700,60,GRAVEL,0,0,15,,,,,,33,,,,,
245528,6528,00CA,6000,80,ASPH,0,0,4,35.3493,-116.893,,50,,22,35.3603,-116.878,,,
250597,6529,00CO,3900,20,TURF-G,0,0,16,,,,,,34,,,,,
247972,6531,00FA,3200,100,TURF,0,0,8,,,,,,26,,,,,800
265037,6532,00FD,74,74,TURF,0,0,H1,,,,,,,,,,,
250414,6533,00FL,4090,100,TURF,0,0,12,,,,,,30,,,,,
253429,6534,00GA,2600,80,TURF,0,0,9,,,,,,27,,,,,
265038,6535,00GE,125,95,ASPH,1,0,H1,,,,,,,,,,,
265039,6536,00HI,1155,45,ASPH-G,0,0,H1,,,,,,,,,,,
246648,6537,00ID,3300,40,TURF,0,0,8,,,,,,26,,,,,
246649,6537,00ID,2700,40,TURF,0,0,11,,,,,,29,,,,,
252182,6539,00IL,2500,75,TURF-F,0,0,18,,,,,290,36,,,,,350
265040,6540,00IN,40,40,MATS,1,0,H1,,,,,,,,,,,
254597,6541,00IS,1600,70,TURF,0,0,9,,,,,,24,,,,,
256603,6542,00KS,2600,85,TURF,0,0,17,,,,,,35,,,,,
251984,6543,00KY,2100,100,TURF,0,0,1,,,,,,19,,,,,
264322,45437,00LA,40,40,TURF,0,0,H1,,,,,,,,,,,
265041,6544,00LL,25,25,CONC,0,0,H1,,,,,,,,,,,
255958,6545,00LS,2600,100,TURF,0,0,18,,,,,,36,,,,,
255848,6546,00MD,1700,75,TURF,0,0,14,,,,,,32,,,,,
265042,6547,00MI,100,100,TURF,0,0,H1,,,,,,,,,,,
255865,6548,00MN,2949,200,TURF-G,1,0,6,,,,,,24,,,,,
254820,6549,00MO,2400,25,TURF,0,0,8,,,,,,26,,,,,
249208,6551,00N,1900,150,TURF-G,1,0,18,,,,,,36,,,,,
249382,6552,00NC,2650,36,ASPH-G,0,0,5,,,,,,23,,,,,
269409,6553,00NJ,50,50,ASPH,0,0,H1,,,,,,,,,,,
248635,6554,00NY,2350,80,TURF,1,0,3,,,,,,21,,,,,
255568,6555,00OH,2695,90,TURF-G,0,0,8,,,,,,26,,,,,
269410,6556,00OI,42,42,CONC,0,0,H1,,,,,,,,,,,
328512,328503,00OK,2200,60,Turf/Dirt,0,0,17,,,,,,35,,,,,
269411,6558,00PA,80,80,TURF-G,0,0,H1,,,,,,,,,,,
264557,45773,00PN,500,75,TURF,0,0,12,,,,,,30,,,,,
251695,6559,00PS,3100,100,TURF-G,0,0,8,,,,,1335,26,,,,,1072
250124,6560,00S,2600,90,TURF-P,0,0,6,,,,,,24,,,,,
250457,6561,00SC,2900,100,TURF,0,0,8,,,,,,26,,,,,
330392,330391,00SD,2400,50,Turf,0,0,18,,,,,,36,,,,,
269412,6562,00TA,85,85,CONC-G,0,0,H1,,,,,,,,,,,
269413,6563,00TE,48,48,TURF,0,0,H1,,,,,,,,,,,
251439,6564,00TN,1800,150,TURF,0,0,9,,,,,,27,,,,,
248688,6565,00TS,1200,45,TURF,0,0,1,,,,,,19,,,,,
269414,6566,00TX,50,50,CONC,0,0,H1,,,,,,,,,,,
251342,6568,00VA,1300,100,TURF,0,0,1,,,,,,19,,,,270,
247311,6569,00VI,1500,50,TURF,0,0,9,,,,,,27,,,,,
254777,6570,00W,3400,50,GRAVEL-F,0,0,14,,,,,,32,,,,,
247637,6571,00WA,1105,70,TURF-G,0,0,8,,,,,,26,,,,,
240309,6572,00WI,1000,60,TURF,0,0,9,44.3042,-89.052,,87.2,,27,44.3044,-89.0482,,,200
250630,6573,00WN,1440,50,TURF-G,0,0,5,,,,,,23,,,,,
251212,6574,00WV,1800,100,TURF,0,0,5,,,,,,23,,,,,
253285,6575,00XS,1475,75,TURF-F,0,0,17,,,,,,35,,,,,
252236,6576,01A,1175,40,GRAVEL-F,0,0,8,,,,,,26,,,,,
265043,6577,01AK,40,40,CONC,1,0,H1,,,,,,,,,,,
252134,6578,01AL,2500,160,TURF,1,0,N,,,,,,S,,,,,
265044,6579,01AR,55,55,CONC,1,0,H1,,,,,,,,,,,
265045,6580,01AZ,210,150,TURF,0,0,H1,,,,,,,,,,,
256815,6581,01C,2517,120,TURF-G,1,0,9,43.3417,-85.7799,815,,387,27,43.3417,-85.7703,815,,580
265046,6582,01CA,20,20,ASPH,0,0,H1,,,,,,,,,,,
246361,6583,01CL,3100,50,ASPH-TRTD,1,0,9,,,,,500,27,,,,,
265047,6584,01CN,60,60,ASPH,0,0,H1,,,,,,,,,,,
265048,6585,01CO,125,40,ASPH,0,0,H1,,,,,,,,,,,
265049,6586,01CT,70,70,TURF-GRVL,0,0,H1,,,,,,,,,,,
256042,6587,01FA,2000,100,TURF,0,0,10,,,,,,28,,,,,
256043,6587,01FA,1500,100,TURF,0,0,18,,,,,,36,,,,,
265050,6588,01FD,110,110,CONC,0,0,H1,,,,,,,,,,,
254779,6589,01FL,3000,50,TURF,1,0,18,,,,,,36,,,,,800
265051,6590,01GA,65,65,CONC,0,0,H1,,,,,,,,,,,
251847,6591,01GE,2560,75,TURF,0,0,10,,,,,,28,,,,,
253118,6592,01IA,2575,50,TURF-F,1,0,17,,,,,275,35,,,,,
258036,6530,01ID,2894,100,TURF-F,0,0,14,42.611,-112.035,,,,32,42.6037,-112.031,,,
265052,6594,01IL,416,216,TURF,0,0,H1,,,,,,,,,,,
265053,6595,01IN,45,45,ASPH,0,0,H1,,,,,,,,,,,
252362,6596,01IS,1300,100,TURF,0,0,9,,,,,,27,,,,,
254664,6597,01J,3365,125,TURF-P,1,0,18,30.6909,-81.9064,59,,795,36,30.6817,-81.905,59,,370
249830,6598,01K,2460,110,TURF-G,1,0,17,,,1157,,,35,,,,,
255679,6599,01KS,2400,100,TURF,0,0,18,,,,,,36,,,,,
265054,6600,01KY,40,40,CONC,0,0,H1,,,,,,,,,,,
253175,6601,01LA,2000,60,TURF,0,0,9,,,,,,27,,,,,
253330,6602,01LL,1600,70,TURF,0,0,2,,,,,,20,,,,,
240115,6603,01LS,1800,150,TURF,0,0,9,30.7227,-91.0802,,92.2,,27,30.7225,-91.0745,,,
265055,6604,01MA,32,32,TURF,0,0,H1,,,,,,,,,,,
257883,6605,01MD,3500,100,WATER,0,0,16,,,,,,34,,,,,
256660,6606,01ME,5000,500,WATER,0,0,2,,,,,,20,,,,,
256661,6606,01ME,5000,500,WATER,0,0,15,,,,,,33,,,,,
265056,6607,01MI,50,50,CONC,0,0,H1,,,,,,,,,,,
249395,6608,01MN,10000,600,WATER,0,0,E,,,,,,W,,,,,
249396,6608,01MN,10000,600,WATER,0,0,NW,,,,,,SE,,,,,
269415,6609,01MO,37,37,CONC,0,0,H1,,,,,,,,,,,
243448,6610,01MT,5000,70,ASPH-G,0,0,13,48.795,-114.886,,148,,31,48.7833,-114.875,,,150
246908,6611,01NC,3200,75,TURF,1,0,3,,,,,,21,,,,,
246909,6611,01NC,2000,75,ASPH-TURF,0,0,18,,,,,,36,,,,,
252153,6612,01NE,2750,50,TURF,0,0,10,,,,,,28,,,,,
249329,6613,01NH,600,50,TURF,0,0,17,,,,,,35,,,,,
269416,6614,01NJ,125,80,ASPH,0,0,H1,,,,,,,,,,,
264064,45537,01NM,2700,70,DIRT,0,0,2,,,,,,20,,,,,
269417,45537,01NM,2000,70,DIRT,0,0,9,,,,,,27,,,,,
250998,6615,01NV,2000,60,GRVL,0,0,18,,,,,,36,,,,,
269418,6616,01NY,100,75,ASPH,0,0,H1,,,,,,,,,,,
347921,347920,01OH,100,100,CON,1,0,H1,,,,,,,,,,,
269419,6617,01OI,30,30,CONC-G,0,0,H1,,,,,,,,,,,
253176,6618,01OK,2640,25,ASPH,1,0,17,,,,,,35,,,,,
345167,345166,01OL,1600,75,Turf,0,0,5,34.3607,-96.7365,1058,50,,23,34.3931,-96.6889,1043,230,
249546,6619,01OR,4800,60,GRVL-DIRT,0,0,7,,,,,,25,,,,,
269420,6620,01PA,60,60,TURF,0,0,H1,,,,,,,,,,,
254074,6621,01PN,1700,100,TURF,0,0,6,,,,,,24,,,,,
255854,6622,01PS,1200,120,TURF-G,0,0,3,,,,,,21,,,,,
255011,6623,01SC,2580,118,TURF-F,1,0,18,,,,,,36,,,,,
269421,6624,01TA,30,30,CONC,0,0,H1,,,,,,,,,,,
253218,6625,01TE,2433,55,TURF-F,0,0,4,,,,,,22,,,,,
255290,6626,01TN,2700,100,TURF,0,0,18,,,,,,36,,,,,
254937,6628,01TX,500,60,TURF,0,0,9,,,,,,27,,,,,
254938,6628,01TX,700,60,TURF,0,0,18,,,,,,36,,,,,
248178,6629,01U,2700,75,DIRT-P,0,0,3,,,,,,21,,,,,
248179,6629,01U,3400,80,DIRT-P,0,0,15,,,,,,33,,,,,
250607,6630,01UT,3200,40,DIRT-P,0,0,E,,,,,,W,,,,,
248071,6631,01VA,1500,60,TURF,0,0,3,,,,,,21,,,,,
269422,6632,01WA,36,36,CONC,0,0,H1,,,,,,,,,,,
239731,6633,01WI,2300,120,TURF,0,0,1,44.0056,-90.3905,,9.6,,19,44.0118,-90.3892,,,
269423,6634,01WN,40,40,ASPH,1,0,H1,,,,,,,,,,,
264636,45900,01WT,28,28,CONC-G,0,0,H1,,,,,,,,,,,
256957,6635,01WY,4360,75,DIRT-TURF-G,0,0,12,,,,,,30,,,,,
256958,6635,01WY,2600,65,DIRT-TURF-G,0,0,16,,,,,,34,,,,,
270898,46288,01XA,50,50,CONC,1,0,H1,,,,,,H1,,,,,
269424,6636,01XS,50,50,CONC,0,0,H1,,,,,,,,,,,
253115,6637,02AK,2200,45,GRVL,0,0,15,,,,,,33,,,,,
254694,6638,02AL,2000,150,TURF,0,0,18,,,,,,36,,,,,
247597,43030,02AR,4400,45,ASPH-G,0,0,7,,,,,600,25,,,,,600
250723,6640,02AZ,4500,80,TURF,0,0,17,,,,,,35,,,,,
265057,6641,02CA,55,55,PSP,0,0,H1,,,,,,,,,,,
252831,6642,02CD,2500,100,CONC-TURF,0,0,15,,,,,,33,,,,,
249787,6643,02CL,3000,60,DIRT,0,0,16,,,,,,34,,,,,
255048,6644,02CO,2670,50,GRAVEL,0,0,17,,,,,,35,,,,,
265058,6645,02CT,50,50,ASPH,0,0,H1,,,,,,,,,,,
246559,6646,02FA,2485,150,TURF,0,0,18,,,,,,36,,,,,
341547,341544,02FD,3443,150,Turf,0,0,1,30.9476,-86.636,190,,,19,30.9571,-86.6349,209,,
264162,45347,02FL,1800,100,TURF-F,0,0,12,,,,,,30,,,,,
255300,6648,02GA,1200,100,TURF,0,0,8,,,,,,26,,,,,
255301,6648,02GA,1500,100,TURF,0,0,13,,,,,,31,,,,,
256885,6649,02GE,3400,100,TURF,0,0,9,,,,,,27,,,,,
265059,6650,02HI,100,100,CONC,0,0,H1,,,,,,,,,,,
265060,6651,02IA,50,50,CONC,0,0,H1,,,,,,,,,,,
252347,6652,02ID,2000,100,TURF,0,0,NE,,,,,,SW,,,,,
250386,6653,02II,1100,100,TURF,0,0,10,,,,,200,28,,,,,
252716,6654,02IN,1020,150,TURF,0,0,9,,,,,,27,,,,,
265061,6655,02IS,40,40,MATS,0,0,H1,,,,,,,,,,,
248000,6656,02KS,1650,100,TURF,0,0,11,,,,,,29,,,,,
248001,6656,02KS,1950,150,TURF,0,0,18,,,,,,36,,,,,
265062,6657,02KY,100,100,CONC,0,0,H1,,,,,,,,,,,
265063,6658,02LA,20,20,CONC,0,0,H1,,,,,,,,,,,
265064,6659,02LS,24,24,CONC,0,0,H1,,,,,,,,,,,
265065,6660,02MA,50,50,ASPH,0,0,H1,,,,,,,,,,,
250960,6661,02ME,2400,60,TURF,0,0,14,,,,,,32,,,,,
254744,6662,02MI,2000,100,TURF,0,0,9,,,,,,27,,,,,
254275,6663,02MN,1897,192,TURF-P,0,0,3,,,,,,21,,,,,
254276,6663,02MN,2500,192,TURF-F,0,0,12,,,,,,30,,,,,
254277,6663,02MN,2553,82,TURF-P,0,0,13,,,,,,31,,,,,
254497,6664,02MO,2200,50,TURF-G,0,0,8,,,,,,26,,,,,
254981,6665,02MS,2150,60,TURF-F,0,0,12,,,,,,30,,,,,
247902,6667,02MU,1900,125,TURF,0,0,N,,,,,,S,,,,,
264707,45686,02NC,100,100,TURF,0,0,H1,,,,,,,,,,,
247920,6669,02NH,3000,300,WATER,0,0,18W,,,,,,36W,,,,,
269425,6669,02NH,20,20,TURF,0,0,H1,,,,,,,,,,,
254643,6671,02NV,2200,50,TURF,0,0,9,,,,,,27,,,,,
269426,6672,02NY,25,25,TURF,0,0,H1,,,,,,,,,,,
256138,6673,02OH,2750,50,TURF,0,0,9,,,,,,27,,,,,
246764,6674,02OI,1500,75,TURF,0,0,E,,,,,,W,,,,,
256203,6676,02OR,2000,30,TURF,0,0,E,,,,,,W,,,,,
269427,6677,02P,100,100,TURF-G,1,0,H1,,,,,,,,,,,
269428,6678,02PA,60,50,TURF-GRVL,0,0,H1,,,,,,,,,,,
269429,6679,02PN,40,40,ASPH,0,0,H1,,,,,,,,,,,
249606,6680,02PR,2000,50,TURF,0,0,6,,,,,,24,,,,,
256249,6681,02PS,500,100,TURF,0,0,1,,,,,,19,,,,,
254954,6682,02SC,3600,150,TURF-G,0,0,4,,,,,,22,,,,,
256315,6683,02T,4050,60,DIRT-G,0,0,2,,,,,,20,,,,,
269430,6684,02TA,32,32,CONC,0,0,H1,,,,,,,,,,,
269431,6685,02TE,40,40,CONC,1,0,H1,,,,,,,,,,,
257585,6686,02TN,1600,120,TURF,0,0,11,,,,,,29,,,,,
253685,6688,02TX,4800,80,TURF,0,0,17,,,,,,35,,,,,240
256179,6689,02UT,4000,30,DIRT,0,0,7,,,,,,25,,,,,
256180,6689,02UT,4000,50,DIRT-P,0,0,16,,,,,,34,,,,,
247487,6690,02VA,3000,80,TURF,0,0,18,,,,,,36,,,,,500
253964,6692,02WA,2650,50,TURF,0,0,16,,,,,,34,,,,,
253202,6693,02WI,2200,60,TURF,0,0,18,,,,,800,36,,,,,
251734,6694,02WN,1500,30,DIRT,0,0,13,,,,,,31,,,,,
330469,330393,02XA,1950,50,Turf,0,0,18,,,,,,36,,,,,
251224,6695,02XS,1500,40,TURF,0,0,2,,,,,,20,,,,,
251225,6695,02XS,1320,40,TURF,0,0,11,,,,,,29,,,,,
248733,6696,03AK,1000,70,DIRT,0,0,7,,,,,,25,,,,,
248735,6696,03AK,6000,500,WATER,0,0,N,,,,,,S,,,,,
248734,6696,03AK,2600,500,WATER,0,0,NE,,,,,,SW,,,,,
265066,6697,03AL,50,50,CONC,1,0,H1,,,,,,,,,,,
265067,6698,03AR,117,117,CONC,1,0,H1,,,,,,,,,,,
248069,6699,03AZ,3600,60,DIRT,1,0,E,,,,,,W,,,,,
265068,6700,03CA,40,40,CONC,1,0,H1,,,,,,,,,,,
245857,6701,03CO,4000,30,ASPH-G,0,0,13,40.2167,-104.749,4900,140,,31,40.2083,-104.74,4950,,
248602,6702,03FA,2000,200,TURF,0,0,E,,,,,,W,,,,,
258132,6703,03FD,2000,50,TURF-G,0,0,9,,,,,200,27,,,,,1070
265069,6704,03FL,50,40,CONC,0,0,H1,,,,,,,,,,,
322728,322717,03GA,1990,65,Turf,0,0,10,,,,,,28,,,,,
322729,322717,03GA,1955,60,Turf,0,0,11,,,,,,29,,,,,
255699,6705,03I,2375,90,TURF-G,0,0,13,,,,58,,31,,,,238,
344643,6706,03IA,2000,150,GRS,0,0,N,,,,,,S,,,,,
254224,6707,03ID,1800,100,TURF,0,0,11,,,,,,29,,,,,
254122,6708,03II,1000,200,TURF,0,0,N,,,,,,S,,,,,
254941,6709,03IL,2600,105,TURF,0,0,18,,,,,,36,,,,,
265070,6711,03IS,40,40,CONC,0,0,H1,,,,,,,,,,,
265071,6712,03KS,25,25,GRAVEL,0,0,H1,,,,,,,,,,,
250552,6713,03KY,2300,80,TURF,0,0,3,,,,,,21,,,,,
265072,6714,03LA,60,60,TURF,0,0,H1,,,,,,,,,,,
265073,6715,03LS,40,40,CONC,1,0,H1,,,,,,,,,,,
258174,6716,03M,3800,200,WATER,0,0,2,,,,,,20,,,,,
256543,6717,03MA,1600,60,TURF,0,0,12,,,,,,30,,,,,
265074,6718,03MD,50,50,CONC,1,0,H1,,,,,,,,,,,
251983,6719,03ME,2400,90,TURF,0,0,18,,,,,,36,,,,,
265075,6720,03MI,20,20,TURF,0,0,H1,,,,,,,,,,,
254015,6721,03MN,1940,75,TURF,0,0,17,,,,,,35,,,,,
256583,6722,03MO,2200,50,TURF,0,0,15,,,,,,33,,,,,
265076,6723,03MS,60,60,CONC,0,0,H1,,,,,,,,,,,
252674,6725,03MU,2400,24,ASPH,1,0,17,,,,,,35,,,,,
247862,4650,03N,2400,50,GRVL,0,0,7,,,,,,25,,,,,
255474,6726,03NC,2750,40,ASPH-G,0,0,9,,,,,,27,,,,,
253422,6727,03ND,2600,50,TURF,0,0,17,,,,,,35,,,,,
248631,6728,03NE,2200,200,TURF,0,0,1,,,,,,19,,,,,
269432,6729,03NH,12,80,ASPH,0,0,H1,,,,,,,,,,,
250930,6731,03NV,3200,30,TURF-P,0,0,18,,,,,,36,,,,,
256491,6732,03NY,2000,75,TURF,0,0,16,,,,,,34,,,,,
247680,6733,03OH,2100,60,TURF,0,0,N,,,,,,S,,,,,
247679,6733,03OH,2200,60,TURF,0,0,NE,,,,,,SW,,,,,
269433,6734,03OI,60,60,CONC,0,0,H1,,,,,,,,,,,
248677,6735,03OK,1200,50,TURF,0,0,18,,,,,,36,,,,,
348549,348548,03OL,1900,30,Turf,0,0,18,,,1232,,,36,,,1221,,
250205,6736,03OR,2950,60,CONC,0,0,7,,,,,,25,,,,,
269434,6737,03PA,130,80,ASPH,0,0,H1,,,,,,,,,,,
269435,6738,03PN,100,100,TURF,0,0,H1,,,,,,,,,,,
322893,322892,03PR,2926,65,Turf,0,0,9,,,,,,27,,,,,
254174,6739,03PS,675,90,TURF-G,0,0,14,,,,,,32,,,,,150
254175,6739,03PS,925,90,TURF-G,0,0,16,,,,,,34,,,,,150
254176,6739,03PS,1130,90,TURF-G,0,0,18,,,,,,36,,,,,300
252715,6740,03S,2115,100,TURF-G,0,0,8,,,,,,26,,,,,
269436,6741,03SC,40,40,CONC,1,0,H1,,,,,,,,,,,
256656,6743,03TE,3500,100,TURF,0,0,12,,,,,,30,,,,,
269437,6744,03TN,20,20,TURF,0,0,H1,,,,,,,,,,,
269438,6745,03TS,90,90,ASPH,0,0,H1,,,,,,,,,,,
341552,341551,03TT,3000,50,Turf,0,0,18,,,117,,,36,,,117,,
269439,6746,03TX,150,150,TURF,0,0,H1,,,,,,,,,,,
256580,6747,03UT,5000,35,GRAVEL,0,0,NE,,,,,,SW,,,,,
256581,6747,03UT,3250,35,GRAVEL,0,0,NW,,,,,,SE,,,,,
252650,6749,03WA,2800,60,GRAVEL,0,0,18,,,,,,36,,,,,
254284,6750,03WI,1500,60,TURF,0,0,N,,,,,,S,,,,,
257028,6751,03WN,2000,70,GRVL,0,0,7,,,,,,25,,,,,
345758,345757,03XA,54,54,CON,0,0,H1,,,,,,,,,,,
255081,6752,03XS,3200,50,TURF-DIRT,0,0,4,,,,,,22,,,,,
255082,6752,03XS,1600,50,TURF,0,0,15,,,,,,33,,,,,
325444,325443,04AA,1300,100,Turf,0,0,16,,,,,,34,,,,,
325445,325443,04AA,825,68,Turf,0,0,5,,,,,,23,,,,,
265077,6753,04AL,100,100,ASPH,0,0,H1,,,,,,,,,,,
265078,6754,04AR,40,40,ASPH,1,0,H1,,,,,,,,,,,
240582,6756,04CA,5000,150,ASPH,0,0,8,34.564,-117.683,,91.2,,26,34.5637,-117.667,,,
253718,6757,04CL,1900,100,GRVL-DIRT,0,0,8,,,,,,26,,,,,600
265079,6758,04CT,50,100,TURF,0,0,H1,,,,,,,,,,,
328589,6759,04F,2400,20,ASP,0,1,15,,,,,,33,,,,,
248386,6760,04FA,2620,212,TURF,0,0,9,,,,,,27,,,,,
254455,6761,04FL,3000,100,TURF,0,0,9,,,,,,27,,,,,
251866,6762,04I,2382,120,TURF-G,1,0,6,39.9092,-83.1928,920,,,24,39.9131,-83.1847,920,,
250269,6763,04IA,2310,84,TURF-G,0,0,18,,,,,,36,,,,,
248055,6764,04ID,3000,25,DIRT-F,0,0,7,,,,,,25,,,,,
247381,6765,04II,1372,72,TURF,0,0,18,,,,,,36,,,,,
258147,6766,04IL,1700,70,TURF,0,0,N,,,,,,S,,,,,
264167,45410,04IN,4000,1000,WATER,0,0,13W,,,,,,31W,,,,,
252471,6767,04IS,2200,150,TURF,0,0,9,,,,,400,27,,,,,
265080,6768,04KS,400,60,TURF-GRVL,0,0,H1,,,,,,,,,,,
249845,6769,04KY,1700,30,ASPH,0,0,15,,,,,,33,,,,,
265081,6770,04LA,40,40,CONC,1,0,H1,,,,,,,,,,,
256788,6771,04LL,3700,70,TURF,0,0,9,,,,,,27,,,,,
265082,6772,04LS,60,60,CONC-G,0,0,H1,,,,,,,,,,,
255931,6773,04MA,2100,300,TURF,0,0,16,,,,,,34,,,,,
265083,6774,04MD,50,50,ASPH,1,0,H1,,,,,,,,,,,
250921,6775,04ME,1950,120,TURF,0,0,15,,,,,,33,,,,,
249123,6776,04MI,2000,100,TURF-G,0,0,18,,,,,450,36,,,,,225
253156,6777,04MN,2500,150,TURF,0,0,10,,,,,,28,,,,,
247380,6778,04MO,2600,150,TURF,0,0,18,,,,,,36,,,,,
239977,6779,04MS,3400,100,ASPH-TURF,0,0,17,32.9442,-90.8373,,180,,35,32.9349,-90.8373,,,
247254,6780,04MT,2100,100,TURF,0,0,E,,,,,,W,,,,,
247255,6780,04MT,1900,100,TURF,0,0,N,,,,,,S,,,,,
269440,6781,04NC,91,35,ASPH,0,0,H1,,,,,,,,,,,
250070,6782,04NE,2500,100,TURF,0,0,N,,,,,,S,,,,,
249124,6783,04NJ,3500,50,TURF,1,0,8,,,,,600,26,,,,,300
347888,347887,04NR,78,36,CON,0,0,H1,,,,,,,,,,,
240873,6784,04NV,3240,45,ASPH,1,0,2,35.7518,-115.668,,33.5,,20,35.7592,-115.662,,,
256237,6785,04NY,5200,50,TURF,0,0,2,,,,,,20,,,,,1700
264637,45733,04OG,50,100,CONC,0,0,H1,,,,,,,,,,,
257547,6786,04OH,2200,70,TURF,0,0,N,,,,,,S,,,,,
269441,6787,04OK,45,45,CONC,0,0,H1,,,,,,,,,,,
269442,6789,04PA,100,100,CONC,0,0,H1,,,,,,,,,,,
269443,6790,04PN,70,70,CONC,0,0,H1,,,,,,,,,,,
269444,6791,04SC,50,50,CONC,0,0,H1,,,,,,,,,,,
325774,325773,04SD,46,46,CON,0,0,H1,,,2437,,,H1,,,,,
269445,6792,04TA,60,40,CONC,0,0,H1,,,,,,,,,,,
269446,6793,04TE,30,30,TURF,0,0,H1,,,,,,,,,,,
248352,6794,04TN,3000,50,ASPH,0,0,1,,,,,,19,,,,,
269447,6795,04TS,20,20,TURF,0,0,H1,,,,,,,,,,,
342439,342438,04TT,4645,55,ASP,0,0,18,29.7195,-99.5454,1550,,,36,29.7067,-99.5459,1523,,
254703,6796,04TX,2000,50,TURF,0,0,12,,,,,,30,,,,,
251630,6797,04UT,3700,50,DIRT,0,0,4,,,,,,22,,,,,
248135,6798,04V,7745,55,GRVL-G,0,0,10,38.1041,-106.186,,118,,28,38.0941,-106.163,,298,
269448,6799,04VA,50,50,CONC,1,0,H1,,,,,,,,,,,
249896,6800,04VG,3500,80,TURF-F,0,0,1,,,,,,19,,,,,
249897,6800,04VG,1800,70,TURF-F,0,0,11,,,,,,29,,,,,
252792,6801,04VT,1300,40,TURF,0,0,6,,,,,,24,,,,,
253744,6802,04W,2751,75,ASPH-G,1,0,6,46.0213,-92.9001,1021,66,190,24,46.0244,-92.8902,1009,246,394
257588,6803,04WA,1800,60,TURF,0,0,N,,,,,,S,,,,,
252584,6804,04WI,1800,100,TURF,0,0,9,,,,,,27,,,,,
264555,45903,04WN,4100,60,ASPH,0,0,11,,,,,,29,,,,336.5,
269449,6805,04WV,40,40,CONC,0,0,H1,,,,,,,,,,,
269450,6806,04XS,80,60,ASPH,0,0,H1,,,,,,,,,,,
249330,6807,05AK,2000,75,TURF-GRVL,0,0,1,,,,,,19,,,,,
265084,6808,05AL,1600,50,ASPH,0,0,H1,,,,,,,,,,,
265085,6808,05AL,1600,50,ASPH,0,0,H2,,,,,,,,,,,
265086,6808,05AL,1600,50,ASPH,0,0,H3,,,,,,,,,,,
265087,6808,05AL,1600,50,ASPH,0,0,H4,,,,,,,,,,,
265088,6808,05AL,1600,50,ASPH,0,0,H5,,,,,,,,,,,
265089,6808,05AL,1600,50,ASPH,0,0,H6,,,,,,,,,,,
264096,45302,05AR,2000,100,TURF,0,0,6,,,,,,24,,,,263,
265090,6809,05AZ,40,40,CONC,0,0,H1,,,,,,,,,,,
251991,6810,05B,4000,200,WATER,0,0,NW,,,,,,SE,,,,,
265091,6811,05CA,78,78,CONC-G,0,0,H1,,,,,,,,,,,
240517,6812,05CL,3700,60,ASPH-G,1,0,10,38.6131,-122.397,618,116,840,28,38.6086,-122.386,618,,340
257870,6813,05CO,2650,60,TURF,0,0,18,,,,,,36,,,,,
265092,6814,05CT,50,50,ASPH,0,0,H1,,,,,,,,,,,
251765,6815,05FA,2950,100,TURF,0,0,8,,,,,,26,,,,,
265093,6816,05FD,95,95,TURF,0,0,H1,,,,,,,,,,,
258062,6817,05FL,3200,60,TURF,0,0,9,,,,,420,27,,,,,385
258063,6817,05FL,1600,50,TURF,0,0,15,,,,,,33,,,,,
256136,6818,05GA,2200,60,ASPH,0,0,18,,,,,,36,,,,,
252492,6819,05IA,2450,65,TURF-P,0,0,9,,,,,,27,,,,,
249604,6820,05ID,2000,70,TURF-GRVL,0,0,3,,,,,,21,,,,,
252030,6821,05II,1800,100,TURF,0,0,9,,,,,,27,,,,,
255177,6822,05IL,3200,70,TURF,0,0,10,,,,,700,28,,,,,675
255557,6823,05IN,2000,100,TURF,0,0,8,,,,,,26,,,,,
252443,6824,05IS,2000,100,TURF,0,0,9,,,,,,27,,,,,
253170,6825,05KS,2350,50,TURF,0,0,17,,,,,,35,,,,,
346027,346026,05KT,600,50,Turf,0,0,9,,,,,,27,,,,,
247089,6826,05KY,1270,150,TURF,0,0,2,,,,,150,20,,,,,
248582,6827,05LA,2200,70,TURF,0,0,18,,,,,,36,,,,,
265094,6828,05LL,120,120,ASPH,0,0,H1,,,,,,,,,,,
239914,6829,05LS,2300,100,TURF,0,0,2,31.2471,-92.4783,,22.4,,20,31.2529,-92.4755,,,1000
265095,6831,05MA,100,40,ASPH,0,0,H1,,,,,,,,,,188,
256912,6832,05MD,2700,80,TURF,0,0,18,,,,,500,36,,,,,
256013,6833,05ME,900,40,TURF,0,0,E,,,,,,W,,,,,
269451,6834,05MO,30,30,CONC-G,0,0,H1,,,,,,,,,,,
265096,6835,05MS,40,40,CONC,1,0,H1,,,,,,,,,,,
269452,6836,05NC,40,40,CONC,1,0,H1,,,,,,,,,,,
248198,6837,05NE,3210,80,TURF,0,0,15,,,,,,33,,,,,
269453,6838,05NH,100,100,TURF,0,0,H1,,,,,,,,,,,
269454,6839,05NJ,60,60,CONC,1,0,H1,,,,,,,,,,,
269455,6840,05NY,75,75,ASPH-CONC-G,0,0,H1,,,,,,,,,,,
347923,347917,05OG,50,50,ASP,1,0,H1,,,,,,,,,,,
252094,6841,05OI,2000,100,TURF,0,0,9,,,,,,27,,,,,500
255593,6842,05OK,2200,90,TURF,0,0,17,,,,,,35,,,,,
252203,6843,05OR,2600,50,TURF,0,0,11,,,,,,29,,,,,
269456,6843,05OR,75,75,TURF,0,0,H1,,,,,,,,,,,
269457,6844,05PA,70,70,ASPH,0,0,H1,,,,,,,,,,,
269458,6845,05PN,120,120,ASPH,0,0,H1,,,,,,,,,,,
251648,6846,05PS,2319,100,TURF,0,0,6,40.1412,-77.8655,,,320,24,40.146,-77.86,,,895
246531,6847,05S,2940,45,TURF-G,0,0,9,,,,,,27,,,,,
252110,6848,05TA,1700,40,TURF-G,0,0,17,,,,,240,35,,,,,120
249408,6849,05TE,1500,50,TURF,0,0,15,,,,,,33,,,,,
248774,6851,05TS,1700,90,TURF,0,0,17,,,,,,35,,,,,
257314,6852,05TX,2075,50,TURF,0,0,15,,,,,,33,,,,,
242390,6853,05UT,3950,50,ASPH-P,0,0,14,37.038,-110.321,,149,,32,37.0287,-110.314,,,
255388,6854,05V,6160,52,DIRT-G,0,0,3,37.4048,-105.56,7696,41,,21,37.4175,-105.546,7720,221,
253174,6855,05VA,2000,40,TURF,0,0,18,,,,,,36,,,,,
269459,6856,05VT,80,80,CONC,0,0,H1,,,,,,,,,,,
269460,6857,05WA,40,40,CONC,0,0,H1,,,2220,,,,,,,,
249811,6858,05WI,1800,60,TURF,0,0,E,,,,,,W,,,,,
264540,45907,05WN,1700,50,TURF-GRVL,0,0,9,,,,,,27,,,,292.2,
249655,6859,05XS,2600,100,TURF,0,0,1,,,,,,19,,,,,
252823,6860,05Y,3280,200,TURF-G,1,0,17,46.3084,-95.4423,1440,,,35,46.2996,-95.4423,1455,,
264063,45272,06AK,2000,40,GRVL,0,0,2,,,,,,20,,,,,
265097,6861,06AL,1600,75,ASPH,0,0,H1,,,,,,,,,,,
265098,6861,06AL,1600,75,ASPH,0,0,H2,,,,,,,,,,,
265099,6861,06AL,1600,75,ASPH,0,0,H3,,,,,,,,,,,
265100,6861,06AL,1600,75,ASPH,0,0,H4,,,,,,,,,,,
265101,6861,06AL,1600,75,ASPH,0,0,H5,,,,,,,,,,,
265102,6861,06AL,1600,75,ASPH,0,0,H6,,,,,,,,,,,
265103,6861,06AL,1600,75,TURF,0,0,H7,,,,,,,,,,,
257167,6862,06AR,2900,125,TURF,1,0,16,,,,,,34,,,,,
265104,6863,06AZ,80,80,CONC,1,0,H1,,,,,,,,,,,
257162,6864,06B,15000,4000,WATER-E,0,0,2,,,,,,20,,,,,
265105,6865,06CA,20,20,CONC,0,0,H1,,,,,,,,,,,
265106,6866,06CL,46,46,CONC,1,0,H1,,,,,,,,,,,
249380,6867,06CO,4500,75,TURF,0,0,17,,,,,,35,,,,,
245598,6868,06FA,7003,150,ASPH,1,0,9,26.9081,-80.3392,28,90,241,27,26.9082,-80.3177,28,270,241
255035,6869,06FD,3400,120,TURF,0,0,18,,,,,,36,,,,,
265107,6870,06FL,200,100,TURF,0,0,H1,,,,,,,,,,,
265108,6871,06GA,300,300,TURF,0,0,H1,,,,,,,,,,,
247546,6872,06I,16000,3500,WATER,0,0,E,,,,,,W,,,,,
246797,6873,06IA,1750,100,TURF,0,0,9,,,,,,27,,,,,
251133,6874,06ID,2200,80,GRVL-DIRT,0,0,9,,,,,,27,,,,,
251807,6875,06IL,2580,70,TURF,0,0,9,,,,,,27,,,,,
257009,6876,06IN,1600,75,TURF,0,0,N,,,,,,S,,,,,
253637,6877,06IS,2600,70,TURF,0,0,18,,,,,,36,,,,,
265109,6878,06KS,25,25,TURF,0,0,H1,,,,,,,,,,,
265110,6879,06KY,60,60,CONC,0,0,H1,,,,,,,,,,,
265111,6880,06LA,39,39,CONC,0,0,H1,,,,,,,,,,,
265112,6881,06LL,40,40,CONC,0,0,H1,,,,,,,,,,,
265113,6882,06LS,40,40,CONC,0,0,H1,,,,,,,,,,,
265114,6883,06MA,15,15,ASPH,0,0,H1,,,,,,,,,,,
265115,6884,06MD,60,60,CONC,1,0,H1,,,,,,,,,,,
265117,6885,06MI,45,45,CONC,0,0,H1,,,,,,,,,,,
265116,6885,06MI,45,45,ASPH,0,0,H2,,,,,,,,,,,
240540,6886,06MN,1500,60,TURF,0,0,12,47.653,-92.4193,,120.6,,30,47.6509,-92.414,,,
243386,6887,06MO,3000,30,ASPH,1,0,15,39.2353,-94.8064,,156.6,,33,39.2278,-94.8022,,,
258123,6888,06MT,2200,60,TURF,0,0,E,,,,,,W,,,,,
247424,6889,06N,2811,60,ASPH-G,1,0,8,41.4302,-74.3961,503,62,563,26,41.4337,-74.387,521,242,
258046,6890,06NC,2600,90,TURF,0,0,9,,,,,,27,,,,,500
252568,6891,06ND,2800,50,TURF,0,0,8,,,,,,26,,,,,
269461,6892,06NE,130,95,CONC,0,0,H1,,,,,,,,,,,
256168,6893,06NH,1900,150,TURF,0,0,17,,,,,,35,,,,,
255352,6895,06NY,2000,75,TURF,0,0,15,,,,,,33,,,,,
269462,6896,06O1,40,40,CONC,0,0,H1,,,,,,,,,,,
254320,6897,06OH,2400,100,TURF,0,0,9,,,,,100,27,,,,,
253246,6898,06OI,2256,45,TURF-F,0,0,9,,,,,,27,,,,,48
269463,6899,06OK,300,100,TURF,0,0,H1,,,,,,,,,,,
253145,6900,06OR,1000,80,GRAVEL,0,0,N,,,,,,S,,,,,
246803,6901,06PA,2965,100,TURF-G,0,0,8,,,,,,26,,,,,
264638,45764,06PN,15,15,CONC,0,0,H1,,,,,,,,,,,
269464,45764,06PN,80,80,ASPH,0,0,H2,,,,,,,,,,,
248184,6903,06R,2480,30,ASPH-G,1,0,15,,,,,,33,,,,,
257773,6904,06SN,2400,75,TURF,0,0,17,,,,,,35,,,,,
254861,6905,06TA,1900,15,GRAVEL,0,0,N,,,,,,S,,,,,
245133,6906,06TE,3500,50,ASPH,0,0,8,30.3123,-95.0308,,83.9,,26,30.3131,-95.0229,,,
256454,6907,06TN,2000,50,TURF-F,0,0,5,,,,,,23,,,,,
340869,340868,06TT,3129,75,Turf,0,0,13,30.8629,-100.206,2165,,,31,30.8571,-100.198,2152,,
255358,6909,06TX,1680,60,TURF,0,0,1,,,,,,19,,,,,
251046,6910,06VA,2000,100,TURF-G,0,0,5,,,,,,23,,,,,
269465,6911,06WA,60,40,ASPH,0,0,H1,,,,,,,,,,,
257201,15372,06WN,2845,30,ASPH-G,1,0,9,46.9263,-122.558,,,528,27,46.9236,-122.548,,273.9,64
254934,6913,06XS,1750,100,TURF,0,0,16,,,,,,34,,,,,
252720,6914,06Y,2997,60,ASPH-G,1,0,14,45.8332,-96.1636,1055,,,32,45.8262,-96.1574,1068,,
265118,6915,07AL,6000,1200,TURF,0,0,H1,,,,,,,,,,,
252802,6916,07AR,3000,60,TURF,0,0,11,,,,,,29,,,,,
246800,6918,07B,3186,100,TURF-F,0,0,16,44.4518,-68.5728,363,,,34,44.4442,-68.5666,322,,
265119,6919,07CA,40,40,CONC,0,0,H1,,,,,,,,,,,
257130,6920,07CL,2220,50,ASPH,1,0,16,,,100,,,34,,,100,,
254680,6921,07CO,3100,75,TURF,0,0,2,,,,,,20,,,,,
249201,6923,07D,2244,65,TURF-G,1,0,18,43.0676,-82.724,770,177,,36,43.0614,-82.7236,770,357,1000
245843,6924,07FA,4500,70,ASPH,1,0,4,25.3207,-80.2792,,40,,22,25.3301,-80.2704,,,500
265120,6926,07FL,67,65,ASPH,0,0,H1,,,,,,,,,,,
248801,6927,07GA,1700,80,TURF,0,0,9,,,,,,27,,,,,
269466,6928,07I,15000,4000,WATER,0,0,NE,,,,,,SW,,,,,
251119,6929,07ID,3000,75,TURF-DIRT,0,0,NW,,,,,,SE,,,,,
265121,6930,07II,60,60,CONC,1,0,H1,,,,,,,,,,,
247283,6931,07IN,1860,80,TURF,0,0,N,,,,,,S,,,,,
250306,6932,07K,3700,60,CONC-E,1,0,15,41.1164,-98.0533,1715,,,33,41.1067,-98.0494,1716,,
254334,6933,07KS,2000,45,TURF,0,0,18,,,,,,36,,,,,
251732,6934,07KY,2000,100,TURF,0,0,11,,,,,,29,,,,,
265122,6935,07LA,30,15,CONC,0,0,H1,,,,,,,,,,,
265123,6936,07LS,50,50,CONC,0,0,H1,,,,,,,,,,,
265124,6937,07MA,120,60,TURF,0,0,H1,,,,,,,,,,,
251186,6938,07MD,1000,70,TURF,0,0,17,,,,,,35,,,,,
265125,6939,07ME,900,200,TURF,0,0,H1,,,,,,,,,,,
249456,6940,07MI,2904,100,TURF,0,0,9,,,,,,27,,,,,
255461,6941,07MN,2600,50,TURF,0,0,E,,,,,,W,,,,,
251479,6942,07MO,2700,40,TURF-GRVL-F,0,0,17,,,,,,35,,,,,
243729,6943,07MT,13500,300,CONC-G,1,0,10,48.4303,-106.552,2757,120,,28,48.4118,-106.504,2748,300,
254978,6944,07N,2200,100,TURF-F,0,0,16,,,,,370,34,,,,,100
246722,6945,07NC,2000,50,TURF,0,0,8,,,,,,26,,,,,
251305,6946,07NH,2500,200,WATER,0,0,05W,,,,,,23W,,,,,
251306,6946,07NH,2500,200,WATER,0,0,17W,,,,,,35W,,,,,
269467,6947,07NJ,45,45,ASPH,0,0,H1,,,,,,,,,,,
269468,6948,07NY,50,50,ASPH,1,0,H1,,,,,,,,,,,
269469,6949,07OH,30,30,CONC,0,0,H1,,,,,,,,,,,
255599,6950,07OK,2400,80,TURF,0,0,17,,,,,,35,,,,,
250148,6951,07OR,1200,100,TURF,0,0,17,,,,,,35,,,,,
264527,45747,07PN,1600,100,TURF,0,0,9,,,,,,27,,,,,
349113,349103,07PR,45,45,CON,1,0,H1,,,,,,,,,,,
253663,6953,07TA,2200,125,TURF,1,1,6,,,,,,24,,,,,
269470,6953,07TA,200,200,CONC-TURF,1,0,H1,,,,,,H1,,,,,
245010,6954,07TE,5000,100,ASPH,0,0,13,27.7258,-97.5175,39,134,,31,27.7164,-97.5064,,,
246384,6955,07TN,1800,75,TURF,0,0,7,,,,,,25,,,,,200
258085,6956,07TS,2500,75,TURF,1,0,17,,,,,,35,,,,,
269471,6957,07TX,400,50,TURF,0,0,H1,,,,,,,,,,,
246375,6958,07VA,1600,50,TURF,0,0,16,,,,,,34,,,,,
246408,6959,07VT,526,20,TURF,0,0,5,,,,,,23,,,,,
246409,6959,07VT,595,20,TURF,0,0,14,,,,,,32,,,,,
269472,6960,07WA,53,53,CONC,0,0,H1,,,,,,,,,,,
249465,6961,07WI,1500,50,TURF,0,0,9,,,,,,27,,,,,
346212,346208,07WY,2200,50,Turf,0,0,13,,,,,,31,,,,,
341554,341553,07XA,37,37,CON,0,0,H1,,,,,,-,,,,,
269473,6962,07XS,30,30,CONC,0,0,H1,,,,,,,,,,,
250120,6963,07Y,2850,150,TURF-G,0,0,16,46.9595,-93.5993,,,,34,46.9521,-93.5956,,,
264053,45248,08AK,1200,80,GRVL,0,0,1,,,,,,19,,,,,
332753,332752,08AL,4000,200,Water,0,0,9W,,,,,,27W,,,,,
265126,6964,08AR,50,50,CONC,0,0,H1,,,,,,,,,,,
265127,6965,08AZ,42,42,CONC,0,0,H1,,,,,,,,,,,
256187,6966,08B,1935,100,TURF-G,1,0,14,44.0017,-69.89,56,,417,32,43.9983,-69.8843,57,,143
265128,6967,08CA,60,60,ASPH,0,0,H1,,,,,,,,,,,
256508,6968,08CL,2000,50,DIRT,0,0,E,,,,,,W,,,,,
264245,45316,08CN,50,50,CONC,1,0,H1,,,,,,,,,,334,
251459,6969,08CO,2600,75,TURF,0,0,9,,,,,,27,,,,,
247428,6970,08CT,4700,1400,WATER,0,0,1,,,,,,19,,,,,
247914,6971,08F,2584,80,TURF-F,0,0,17,,,,,250,35,,,,,275
253784,6972,08FA,3390,75,TURF,0,0,9,,,,,,27,,,,,
256091,6973,08FD,4138,104,TURF,0,0,18,,,,,,36,,,,,
249206,6974,08FL,2500,100,TURF,0,0,3,,,,,,21,,,,,
269474,6975,08G,60,56,ASPH-G,0,0,H1,,,,,,,,,,,
247944,6976,08GA,5000,150,TURF,1,0,3,,,,,,21,,,,,
247959,6977,08ID,2500,60,GRAVEL,0,0,NW,,,,,,SE,,,,,
265129,6978,08II,30,30,CONC,0,0,H1,,,,,,,,,,,
256801,6979,08IL,2200,75,TURF,0,0,9,,,,,,27,,,,,
264168,45416,08IN,5000,1600,WATER,0,0,13W,,,,,,31W,,,,,
252718,6980,08IS,1320,70,TURF,0,0,18,,,,,,36,,,,,
249801,6981,08KS,2700,99,GRAVEL,1,0,17,,,,,,35,,,,,
251916,6982,08KY,2500,60,TURF-G,0,0,9,,,,,,27,,,,,
265130,6983,08LA,30,15,TURF,0,0,H1,,,,,,,,,,,
253307,6984,08LL,2190,100,TURF-G,0,0,18,,,,,,36,,,,,
250625,6985,08LS,2000,60,TURF,0,0,18,,,,,,36,,,,,
248052,6986,08MA,1000,18,ASPH,0,0,4,,,,,,22,,,,,
265131,6987,08MD,45,45,MATS,1,0,H1,,,,,,,,,,,
251307,6988,08ME,2300,90,TURF-F,0,0,13,,,,,,31,,,,,
265132,6989,08MI,60,60,ROOF-TOP,1,0,H1,,,,,,,,,,,
255433,6990,08MN,11088,6000,WATER,0,0,18,,,,,,36,,,,,
254746,6991,08MO,2640,50,TURF,0,0,3,,,,,,21,,,,,
254747,6991,08MO,2140,48,TURF,0,0,18,,,,,,36,,,,,
240690,6992,08MS,3725,50,ASPH-TURF,1,0,7,34.6605,-89.8742,,70,,25,34.664,-89.8625,,,
249901,6993,08MT,2600,80,DIRT,0,0,7,,,,,,25,,,,,
252026,6994,08N,2635,120,TURF-G,1,0,7,,,,,275,25,,,,,600
252690,6995,08NC,3200,50,TURF,0,0,18,,,,,350,36,,,,190,
256033,6996,08ND,1300,75,TURF,0,0,17,,,,,,35,,,,,
255528,6997,08NE,3000,100,TURF-G,1,0,11,,,,,,29,,,,,
269475,6998,08NH,80,80,CONC,1,0,H1,,,,,,,,,,,
269476,6999,08NJ,90,90,ASPH,0,0,H1,,,,,,,,,,,
345571,345570,08NR,1400,40,Turf,0,0,2,,,,,,20,,,,,
247873,7000,08NY,550,60,TURF,0,0,1,,,,,,19,,,,,
247874,7000,08NY,500,40,TURF,0,0,10,,,,,,28,,,,,
251440,7001,08OH,3000,50,TURF,0,0,E,,,,,,W,,,,,
248523,7002,08OK,1800,50,TURF,1,0,8,,,,,,26,,,,,
327862,327859,08OL,1029,40,Turf,0,0,18,,,,,,36,,,,,
255790,7003,08OR,2800,20,GRVL,0,0,18,,,,,,36,,,,,
269477,7004,08PA,200,150,TURF,0,0,H1,,,,,,,,,,,
269478,7005,08PN,50,50,ASPH,0,0,H1,,,,,,,,,,,
255617,7006,08R,2129,30,ASPH-P,1,0,11,41.4899,-71.6245,130,,,29,41.4891,-71.6168,127,,130
345366,345365,08SD,42,42,CON,0,0,H1,,,,,,,,,,,
269479,7007,08TA,200,100,TURF,0,0,H1,,,,,,,,,,,
241351,7008,08TE,3100,50,ASPH,0,0,16,29.9802,-98.7448,,166,,34,29.9719,-98.7425,,,
343407,343404,08TT,2015,75,CON,0,0,4,,,,,,22,,,,,
257722,7010,08TX,2100,30,TURF,1,0,9,,,,,,27,,,,,
257723,7010,08TX,1800,100,TURF,0,0,18,,,,,,36,,,,,
249615,7011,08U,3600,50,DIRT-F,0,0,1,,,,,,19,,,,,
248952,7012,08VA,1800,50,TURF,0,0,9,,,,,,27,,,,,
269480,7013,08WA,100,100,CONC,0,0,H1,,,,,,,,,,,
251207,7015,08XS,2350,100,TURF,0,0,3,,,,,,21,,,,,
329059,329058,09AA,22,24,Deck,0,0,H1,,,,,,H1,,,,,
264097,45270,09AK,1300,60,TURF,0,0,6,,,,,,24,,,,,
265133,7016,09AR,135,100,ASPH,0,0,H1,,,,,,,,,,,
246691,7017,09AZ,2350,80,DIRT,0,0,6,,,,,,24,,,,,
265134,7018,09CA,65,65,ASPH,1,0,H1,,,,,,,,,,,
241029,7019,09CL,3000,50,ASPH-F,0,0,1,39.11,-121.059,2240,26,,19,39.1175,-121.054,2310,,
269481,45317,09CN,50,50,CONC,1,0,H2,,,,,,,,,,,
256087,7020,09CO,3250,65,TURF,0,0,9,,,,,,27,,,,,
240175,7021,09FA,4800,50,ASPH-E,1,0,18,27.2522,-81.4131,,180,,36,27.2389,-81.4131,,,
252936,7022,09FD,2649,100,TURF,0,0,18,,,,,,36,,,,,
250951,7023,09FL,3000,150,TURF,0,0,9,,,,,500,27,,,,,
256213,7024,09GA,2400,70,TURF,0,0,9,,,,,,27,,,,,
253584,7025,09I,5000,1000,WATER,0,0,5,,,,,,23,,,,,
253585,7025,09I,5000,1000,WATER,0,0,8,,,,,,26,,,,,
255318,7026,09IA,2700,80,ASPH-TURF,0,0,9,,,,,,27,,,,,
248783,7027,09ID,2300,100,TURF,0,0,9,,,,,,27,,,,,
253215,7028,09II,1600,100,TURF,0,0,E,,,,,,W,,,,,
265135,7029,09IL,40,40,CONC,0,0,H1,,,,,,,,,,,
249554,7030,09IN,2200,70,TURF,1,0,9,,,,,,27,,,,,
249555,7030,09IN,2200,50,TURF,0,0,18,,,,,,36,,,,,
265136,7031,09IS,39,31,CONC,0,0,H1,,,,,,,,,,,
255422,7032,09KS,2500,60,TURF,0,0,17,,,,,,35,,,,,
265137,7033,09KY,50,50,CONC,0,0,H1,,,,,,,,,,,
265138,7034,09LA,50,50,CONC,0,0,H1,,,,,,,,,,,
248621,7035,09LL,2300,80,TURF,0,0,17,,,,,,35,,,,,
265139,7036,09LS,40,40,CONC,1,0,H1,,,,,,,,,,,
254362,7037,09MA,1700,50,TURF,0,0,9,,,,,,27,,,,,
254363,7037,09MA,2000,100,TURF,0,0,15,,,,,,33,,,,,
251828,7038,09ME,2000,100,TURF,0,0,4,,,,,,22,,,,,
265140,7039,09MI,40,40,CONC,0,0,H1,,,,,,,,,,,
256564,7041,09MO,1320,50,TURF,0,0,E,,,,,,W,,,,,
252352,7042,09N,1863,75,TURF-F,0,0,2,,,,,,20,,,,,
254270,7043,09NC,2400,80,TURF,0,0,16,,,,,,34,,,,,
247511,7044,09NE,2500,50,TURF,0,0,18,,,,,,36,,,,,
269482,7045,09NJ,100,100,TURF,0,0,H1,,,,,,,,,,,
324844,324843,09NR,1800,35,Turf,0,0,9,,,,,,27,,,,,
324845,324843,09NR,24,24,CON,0,0,H1,,,,,,H1,,,,,
324846,324843,09NR,24,24,CON,0,0,H2,,,,,,H2,,,,,
269483,7046,09NY,100,100,ASPH,0,0,H1,,,,,,,,,,,
249387,7047,09OK,2500,50,TURF,0,0,1,,,,,,19,,,,,
269484,7048,09OR,50,50,TURF,0,0,H1,,,,,,,,,,,
247110,7049,09PA,2300,200,TURF,0,0,6,,,,,,24,,,,,
253546,7051,09S,1765,150,TURF-P,0,0,16,48.8433,-117.284,2621,,,34,48.8385,-117.284,2603,,
246461,14580,09TA,2400,40,TURF-P,0,0,17,,,,,,35,,,,,
253777,7052,09TE,2815,45,TURF-F,0,0,16,,,,,,34,,,,,
269485,7053,09TN,80,80,CONC,0,0,H1,,,,,,,,,,,
244478,7054,09TS,4200,42,ASPH,0,0,9,29.4824,-103.171,,90,,27,29.4824,-103.158,,,
258106,7055,09TX,2340,120,TURF,0,0,10,,,,,,28,,,,,
258107,7055,09TX,1220,120,TURF,0,0,14,,,,,,32,,,,,
258108,7055,09TX,5200,120,TURF,0,0,E,,,,,,W,,,,,
255807,7056,09VA,1100,50,TURF,0,0,5,,,,,,23,,,,,
269486,7057,09VG,96,60,CONC,1,0,H1,,,,,,,,,,,
265141,7058,09W,60,60,ASPH-G,0,0,H1,,,,,,,,,,,
269487,7059,09WA,60,60,CONC,0,0,H1,,,,,,,,,,,
248295,7060,09WI,2500,100,TURF,0,0,N,,,,,,S,,,,,
269488,7061,09XS,90,90,CONC,0,0,H1,,,,,,,,,,,
256247,7062,09Y,8000,500,WATER,0,0,17,,,,,,35,,,,,
325324,325323,0AA7,2539,100,Turf,0,0,18,,,,,,36,,,,,
247079,7063,0AK,2541,55,GRVL-F,1,0,7,61.9346,-162.907,305,91,,25,61.9345,-162.892,288,271,47
251693,7064,0AK0,1050,70,TURF-G,0,0,8,,,,,,26,,,,220.6,250
255835,7065,0AK1,3000,2000,WATER,0,0,06W,,,,,,24W,,,,,
255836,7065,0AK1,2200,50,GRAVEL,0,0,8,,,,,200,26,,,,,
264070,45273,0AK2,1000,150,TURF-DIRT,0,0,3,,,,,,21,,,,,
248626,7066,0AK3,900,100,TURF,0,0,14,,,,,,32,,,,,
255362,7067,0AK5,1550,120,TURF,0,0,2,,,,,,20,,,,,
253702,7068,0AK6,1700,60,DIRT,0,0,11,,,,,,29,,,,,
252197,7069,0AK7,2400,75,GRVL,1,0,6,,,,,,24,,,,,
325125,7070,0AK8,150,150,GVL,0,0,H1,,,,,,H1,,,,,
253648,7071,0AK9,2000,30,GRVL,0,0,17,,,,,,35,,,,,
265142,7072,0AL0,90,90,ASPH,0,0,H1,,,,,,,,,,,
257351,7073,0AL1,2640,70,TURF,0,0,17,,,,,,35,,,,,
265143,7074,0AL2,24,21,CONC,0,0,H1,,,,,,,,,,,
265144,7075,0AL3,24,24,CONC,0,0,H1,,,,,,,,,,,
265145,7076,0AL4,30,30,CONC,0,0,H1,,,,,,,,,,,
251222,7077,0AL5,2200,100,TURF,0,0,15,,,,,,33,,,,,
265146,7078,0AL6,49,49,ASPH,0,0,H1,,,,,,,,,,,
265147,7079,0AL7,30,30,CONC,0,0,H1,,,,,,,,,,,
265148,7080,0AL8,55,55,ASPH,0,0,H1,,,,,,,,,,,
248305,7081,0AL9,2200,50,TURF,0,0,9,,,,,,27,,,,,
265149,7082,0AR0,60,60,ASPH,1,0,H1,,,,,,,,,,,
254331,7084,0AR2,2800,60,TURF-GRVL,0,0,18,,,,,,36,,,,,
249878,7085,0AR3,2000,50,TURF,0,0,E,,,,,,W,,,,,
265150,7086,0AR4,11,11,ASPH,0,0,H1,,,,,,,,,,,
265151,7087,0AR5,42,42,CONC,0,0,H1,,,,,,,,,,,
265152,7088,0AR6,20,20,CONC,0,0,H1,,,,,,,,,,,
251481,7089,0AR7,2200,50,TURF,0,0,18,,,,,,36,,,,,300
265153,7090,0AR8,30,30,CONC,0,0,H1,,,,,,,,,,,
265154,7091,0AR9,10,10,ASPH,0,0,H1,,,,,,,,,,,
265155,7092,0AZ0,40,40,MATS,1,0,H1,,,,,,,,,,,
255109,7093,0AZ1,2000,40,DIRT,0,0,3,,,,,,21,,,,,
255110,7093,0AZ1,3250,50,DIRT,0,0,14,,,,,,32,,,,,
255111,7093,0AZ1,2500,75,DIRT,0,0,16,,,,,,34,,,,,
240292,7094,0AZ2,1500,100,GRVL,0,0,12,33.7794,-113.644,,131,,30,33.7767,-113.64,,,
240293,7094,0AZ2,3500,100,ASPH,0,0,17,33.7828,-113.641,,183,,35,33.7733,-113.642,,,
248438,7095,0AZ4,2900,130,TURF,0,0,1,,,,,,19,,,,,
253973,7096,0AZ5,1400,60,ASPH-DIRT,0,0,17,,,,,675,35,,,,,563
265156,7097,0AZ6,40,45,CONC,0,0,H1,,,,,,,,,,,
265157,7097,0AZ6,40,45,CONC,0,0,H2,,,,,,,,,,,
265158,7097,0AZ6,40,45,CONC,0,0,H3,,,,,,,,,,,
265159,7098,0AZ7,50,50,CONC,0,0,H1,,,,,,,,,,,
255100,7099,0B2,1730,30,TURF-F,0,0,1,44.7615,-68.7671,,348,,19,44.7662,-68.7685,,168,
254852,7100,0B7,2575,30,ASPH-E,0,0,4,,,,,,22,,,,,
257597,7101,0C1,2375,35,ASPH-TRTD-P,1,0,2,39.4847,-94.7818,,19,,20,39.4909,-94.7792,,199,
255168,7102,0C2,2640,100,TURF-G,0,0,9,41.7709,-88.7084,760,,,27,41.7709,-88.6987,755,,
248990,7103,0C5,3800,100,TURF-G,1,0,18,43.5816,-85.2806,960,180,573,36,43.5712,-85.2806,960,,
257174,7104,0C7,3980,200,TURF-G,1,0,18,41.5273,-89.1329,727,,300,36,41.5164,-89.1324,715,,80
246710,7105,0C8,2831,180,TURF-G,1,0,18,41.5234,-88.6051,640,,380,36,41.5156,-88.6051,640,,250
265160,7107,0CA0,86,86,CONC,1,0,H1,,,,,,,,,,,
312186,7108,0CA1,2482,30,asphalt,0,1,8,34.9887,-120.462,190,94,,26,34.9882,-120.454,190,274,
265161,7109,0CA2,45,45,CONC,1,0,H1,,,,,,,,,,,
252332,7110,0CA3,2100,20,ASPH,0,0,10,,,,,,28,,,,,
255357,7111,0CA4,3600,50,TREATED,0,0,6,,,,,,24,,,,,
250486,7112,0CA5,1400,30,ASPH,0,0,11,,,,,,29,,,,,
249639,7113,0CA6,2400,40,ASPH,0,0,4,,,,,,22,,,,,
265162,7114,0CA7,85,85,CONC,0,0,H1,,,,,,,,,,,
253880,7115,0CA8,2250,50,DIRT,0,0,12,,,,,,30,,,,,
241917,7116,0CA9,3300,60,ASPH,0,0,16,35.5994,-120.339,,173,,34,35.5903,-120.338,,,
265163,7117,0CD0,50,50,CONC,1,0,H1,,,,,,,,,,,
265164,7118,0CD1,45,45,MATS,1,0,H1,,,,,,,,,,,
256348,7119,0CD2,2500,50,TURF-P,0,0,8,,,,,,26,,,,,